scheme_id,scheme_name,department,category,description,beneficiary,benefit_type,eligibility,required_documents,application_mode,application_link,official_website,official_source,status,last_verified
TN-SW-001,Moovalur Ramamirtham Ammaiyar Higher Education Assurance Scheme (Pudhumai Penn),Social Welfare & Women Empowerment,Education,Monthly financial assistance to girls for higher education,Girl Students,Monthly ₹1000,Girls who studied Class 6-12 in Govt schools,Aadhaar; EMIS; Bank Passbook,Online,https://pudhumaipenn.tn.gov.in/,https://pudhumaipenn.tn.gov.in/,https://pudhumaipenn.tn.gov.in/,Active,2026-07-30
TN-SW-006,Chief Minister's Girl Child Protection Scheme,Social Welfare & Women Empowerment,Girl Child Welfare,Financial deposit for girl children in families with no male child,Girl Children,Long-term Financial Deposit,BPL families with 1 or 2 girl children and no male child,Birth Certificate; Income Certificate; Sterilization Certificate,Online/Offline,https://tnesevai.tn.gov.in/,https://tnsocialwelfare.tn.gov.in/,https://services.india.gov.in/service/detail/e-district-social-welfare-project-for-girl-child-protection-schemes-tamil-nadu,Active,2026-07-30
TN-SW-007,Kalaignar Magalir Urimai Thittam,Social Welfare & Women Empowerment,Women Welfare,Monthly financial assistance to eligible women heads of families,Eligible Women Heads of Family,Monthly ₹1000,Annual family income below ₹2.5 Lakhs and land ownership within limits,Aadhaar; Ration Card; Bank Account,Online/Camp,https://kmut.tn.gov.in/,https://kmut.tn.gov.in/,https://kmut.tn.gov.in/,Active,2026-07-30
TN-SW-008,Sathiyavani Muthu Ammaiyar Free Sewing Machine Scheme,Social Welfare & Women Empowerment,Livelihood,Provision of free sewing machines to enhance livelihood,Widows / Destitute Women,Free Sewing Machine,Age 20-40 years; BPL category,Income Certificate; Age Proof; Destitute Certificate,Offline,Not Available,https://tnsocialwelfare.tn.gov.in/,https://www.tn.gov.in/scheme/data_view/44583,Active,2026-07-30
TN-SW-009,Dr. Dharmambal Ammaiyar Ninaivu Widow Remarriage Assistance,Social Welfare & Women Empowerment,Women Welfare,Financial assistance for widow remarriage,Widows,Financial Assistance + Gold Coin,No age limit for widow; Groom age max 40,Death Certificate of first husband; Age Proof; Marriage Invitation,Online/Offline,https://tnesevai.tn.gov.in/,https://tnsocialwelfare.tn.gov.in/,https://services.india.gov.in/service/detail/e-district-social-welfare-project-for-marriage-assistance-schemes-tamil-nadu,Active,2026-07-30
TN-SW-010,E.V.R. Maniammaiyar Ninaivu Marriage Assistance,Social Welfare & Women Empowerment,Marriage Assistance,Marriage assistance for daughters of poor widows,Daughters of Poor Widows,Financial Assistance + Gold Coin,Annual income below ₹72000,Income Certificate; Age Proof; Widow Certificate of Mother,Online/Offline,https://tnesevai.tn.gov.in/,https://tnsocialwelfare.tn.gov.in/,https://services.india.gov.in/service/detail/e-district-social-welfare-project-for-marriage-assistance-schemes-tamil-nadu,Active,2026-07-30
TN-SW-011,Annai Theresa Ninaivu Marriage Assistance,Social Welfare & Women Empowerment,Marriage Assistance,Marriage assistance for orphan girls,Orphan Girls,Financial Assistance + Gold Coin,Must be an orphan; No income limit,Orphan Certificate; Age Proof; Marriage Invitation,Online/Offline,https://tnesevai.tn.gov.in/,https://tnsocialwelfare.tn.gov.in/,https://services.india.gov.in/service/detail/e-district-social-welfare-project-for-marriage-assistance-schemes-tamil-nadu,Active,2026-07-30
TN-SW-012,Dr. Muthulakshmi Reddy Ninaivu Inter-Caste Marriage Assistance,Social Welfare & Women Empowerment,Social Justice,Marriage assistance for inter-caste couples,Inter-caste Couples,Financial Assistance + Gold Coin,One spouse must be from SC/ST category,Community Certificates; Marriage Registration Certificate,Online/Offline,https://tnesevai.tn.gov.in/,https://tnsocialwelfare.tn.gov.in/,https://services.india.gov.in/service/detail/e-district-social-welfare-project-for-marriage-assistance-schemes-tamil-nadu,Active,2026-07-30
TN-SW-013,Transgender Pension Scheme,Social Welfare & Women Empowerment,Social Security,Monthly pension for destitute transgender persons,Transgender Persons,Monthly ₹1500,Age above 40; Must possess Transgender ID card; BPL category,Transgender ID Card; Aadhaar; Bank Details,Offline,Not Available,https://tnsocialwelfare.tn.gov.in/,https://tnsocialwelfare.tn.gov.in/en/transgender/schemes,Active,2026-07-30
TN-ED-002,Thamizh Puthalvan Thittam,Social Welfare & Women Empowerment,Education,Monthly financial assistance to boys for higher education,Boy Students,Monthly ₹1000,Boys who studied Class 6-12 in Govt schools,Aadhaar; EMIS; Bank Passbook,Online,https://www.tamilputhalvan.tn.gov.in/,https://www.tamilputhalvan.tn.gov.in/,https://www.tamilputhalvan.tn.gov.in/,Active,2026-07-30
TN-ED-003,Chief Minister's Breakfast Scheme,School Education,Education/Nutrition,Nutritious breakfast for primary school children,Primary Students (Class 1-5),Free Nutritious Breakfast,Students enrolled in Government primary schools,School Enrollment Details,Institution Level,https://cmbreakfast.tn.gov.in/,https://cmbreakfast.tn.gov.in/,https://cmbreakfast.tn.gov.in/,Active,2026-07-30
TN-ED-004,Illam Thedi Kalvi,School Education,Education,After-school remedial tutoring program,Students (Class 1-8),After-school Tutoring,Students in Government and Aided Schools,,Volunteer/Direct,https://illamthedikalvi.tnschools.gov.in/,https://illamthedikalvi.tnschools.gov.in/,https://illamthedikalvi.tnschools.gov.in/,Active,2026-07-30
TN-ED-011,Naan Mudhalvan,Special Prog. Implementation,Skill Development,Skill training and career guidance for students,School & College Students,Skill Training,Youth in TN schools and colleges,Educational ID,Online/Institution,https://www.naanmudhalvan.tn.gov.in/,https://www.naanmudhalvan.tn.gov.in/,https://www.naanmudhalvan.tn.gov.in/,Active,2026-07-30
TN-TR-001,Vidiyal Payanam (Free Bus Travel Scheme),Transport,Transport Welfare,Free travel in ordinary town buses,Women and Transgender Persons,Free Bus Travel,All women and transgender persons in Tamil Nadu,,Automatic,Not Applicable,https://www.tn.gov.in/,https://www.tn.gov.in/scheme/data_view/88166,Active,2026-07-30
TN-HF-001,Dr. Muthulakshmi Reddy Maternity Benefit Scheme,Health & Family Welfare,Maternity,Financial assistance and nutrition kits for pregnant women,Pregnant Women,₹18000 + Nutrition Kit,Pregnant women aged 19 and above; up to 2 deliveries,PICME Registration; Aadhaar; Bank Details,Online/PHC,https://picme.tn.gov.in/,https://picme.tn.gov.in/,https://picme.tn.gov.in/,Active,2026-07-30
TN-HF-002,Makkalai Thedi Maruthuvam,Health & Family Welfare,Healthcare,Doorstep medical services for non-communicable diseases,NCD Patients & Elderly,Doorstep Medical Services,Citizens aged 45+ with BP/Diabetes or persons requiring palliative care,Aadhaar; Medical Records,Direct/Health Worker,https://mtm.tn.gov.in/,https://mtm.tn.gov.in/,https://mtm.tn.gov.in/,Active,2026-07-30
TN-HF-003,Chief Minister's Comprehensive Health Insurance Scheme (CMCHIS),Health & Family Welfare,Health Insurance,Cashless hospitalization coverage,BPL Families,Medical Insurance up to ₹5L,Annual family income below ₹1.2 Lakhs,Income Certificate; Ration Card; Aadhaar,Online/Kiosk,https://www.cmchistn.com/,https://www.cmchistn.com/,https://www.cmchistn.com/,Active,2026-07-30
TN-HF-004,Innuyir Kappom - Nammai Kaakkum 48,Health & Family Welfare,Emergency Care,Free emergency care for road accident victims in the first 48 hours,Road Accident Victims,Free Emergency Care,Any road accident victim within Tamil Nadu borders,None (Emergency),Hospital Level,https://nk48.tn.gov.in/,https://nk48.tn.gov.in/,https://nk48.tn.gov.in/,Active,2026-07-30
TN-SS-001,Indira Gandhi National Old Age Pension Scheme (IGNOAPS),Revenue & Disaster Management,Social Security,Monthly pension for destitute senior citizens,Senior Citizens (BPL),Monthly ₹1200,Age 60 or above; Destitute/BPL,Aadhaar; Age Proof; Destitute Certificate,Taluk Office/Online,https://tnesevai.tn.gov.in/,https://cra.tn.gov.in/,https://cra.tn.gov.in/social-security-scheme.php,Active,2026-07-30
TN-SS-002,Differently Abled Pension Scheme,Revenue & Disaster Management,Social Security,Monthly pension for differently abled persons,Differently Abled Persons,Monthly ₹1500,Minimum 40% disability; Age 18 and above,Disability Certificate; Aadhaar,Taluk Office/Online,https://tnesevai.tn.gov.in/,https://cra.tn.gov.in/,https://cra.tn.gov.in/social-security-scheme.php,Active,2026-07-30
TN-SS-003,Destitute Widow Pension Scheme,Revenue & Disaster Management,Social Security,Monthly pension for destitute widows,Destitute Widows,Monthly ₹1200,Age 18 and above; Destitute,Death Certificate of Husband; Destitute Certificate,Taluk Office/Online,https://tnesevai.tn.gov.in/,https://cra.tn.gov.in/,https://cra.tn.gov.in/social-security-scheme.php,Active,2026-07-30
TN-SS-004,Deserted Wives Pension Scheme,Revenue & Disaster Management,Social Security,Monthly pension for deserted wives,Deserted Wives,Monthly ₹1200,Age 30 and above; Deserted for minimum 5 years,Desertion Certificate; Age Proof,Taluk Office/Online,https://tnesevai.tn.gov.in/,https://cra.tn.gov.in/,https://cra.tn.gov.in/social-security-scheme.php,Active,2026-07-30
TN-SS-005,Unmarried Women Pension Scheme,Revenue & Disaster Management,Social Security,Monthly pension for destitute unmarried women,Unmarried Women,Monthly ₹1200,Age 50 and above; Destitute,Age Proof; Unmarried Certificate,Taluk Office/Online,https://tnesevai.tn.gov.in/,https://cra.tn.gov.in/,https://cra.tn.gov.in/social-security-scheme.php,Active,2026-07-30
TN-SS-006,Chief Minister's Uzhavar Padhukappu Thittam,Revenue & Disaster Management,Social Security,Comprehensive social security for farmers,Farmers & Agricultural Labourers,Financial Assistance (Accident/Education/Marriage),Age 18-65; Agricultural labourers or marginal farmers,Land/Labourer Proof; Aadhaar,Taluk Office,Not Available,https://cra.tn.gov.in/,https://cra.tn.gov.in/social-security-scheme.php,Active,2026-07-30
TN-WEL-001,Post Matric Scholarship for SC/ST,Adi Dravidar & Tribal Welfare,Education,Educational scholarship for higher studies,SC/ST Students,Educational Scholarship,SC/ST students with family income below ₹2.5 Lakhs,Community Certificate; Income Certificate; Marksheets,Online,https://tnadwscholarship.tn.gov.in/,https://tnadwscholarship.tn.gov.in/,https://tnadwscholarship.tn.gov.in/,Active,2026-07-30
TN-WEL-003,Free House Site Patta,Revenue & Disaster Management,Housing,Provision of free land patta for poor families,Landless Poor,Free Land Patta,Must not own any land; BPL category,Income Certificate; Resident Proof,Taluk Office,Not Available,https://cra.tn.gov.in/,https://cra.tn.gov.in/land-administration.php,Active,2026-07-30
TN-WEL-007,Free Bicycle Scheme,BC MBC & Minorities Welfare,Education,Free bicycles to improve school attendance,Class 11 Students,Free Bicycle,Students studying in Class 11 in Govt/Aided schools,School Enrollment,Institution Level,Not Applicable,https://bcmbcmw.tn.gov.in/,https://bcmbcmw.tn.gov.in/welfare_schemes.htm,Active,2026-07-30
TN-WEL-008,Ulema Pension Scheme,BC MBC & Minorities Welfare,Social Security,Pension for retired Ulemas,Ulemas,Monthly ₹3000,Age 60 and above; Served minimum 20 years,Service Certificate; Age Proof,Offline,Not Available,https://bcmbcmw.tn.gov.in/,https://bcmbcmw.tn.gov.in/welfare_schemes.htm,Active,2026-07-30
TN-LAB-001,Tamil Nadu Construction Workers Welfare Board Assistance,Labour Welfare & Skill Development,Labour Welfare,Social security and assistance for construction workers,Registered Construction Workers,Assistance for Marriage/Education/Accident,Registered under the board for minimum duration,Board ID; Relevant Certificates,Online/Labour Office,https://tnuwwb.tn.gov.in/,https://tnuwwb.tn.gov.in/,https://tnuwwb.tn.gov.in/,Active,2026-07-30
TN-LAB-002,Tamil Nadu Unorganized Workers Welfare Board,Labour Welfare & Skill Development,Labour Welfare,Social security and financial assistance,Registered Unorganized Workers,Assistance for Marriage/Education/Accident,Registered under specific unorganized sectors,Board ID; Relevant Certificates,Online/Labour Office,https://tnuwwb.tn.gov.in/,https://tnuwwb.tn.gov.in/,https://tnuwwb.tn.gov.in/,Active,2026-07-30
TN-SW-002,Chief Minister's Girl Child Protection Scheme (Scheme I),Social Welfare & Women Empowerment,Girl Child Welfare,Financial deposit for single girl child in families with no male child.,Single Girl Child,Fixed deposit of ₹50000 in child's name,Family with only 1 girl child and no male child; Sterilization undergone by parents; Income < ₹72000/yr,Birth Certificate; Income Certificate; Sterilization Certificate; Family Photograph,Online/Offline,https://tnesevai.tn.gov.in/,https://tnsocialwelfare.tn.gov.in/,https://services.india.gov.in/service/detail/e-district-social-welfare-project-for-girl-child-protection-schemes-tamil-nadu,Active,2026-07-30
TN-SW-003,Chief Minister's Girl Child Protection Scheme (Scheme II),Social Welfare & Women Empowerment,Girl Child Welfare,Financial deposit for families having two girl children and no male child.,Two Girl Children,Fixed deposit of ₹25000 for each girl child,Family with 2 girl children and no male child; Sterilization undergone by parents; Income < ₹72000/yr,Birth Certificates of both girls; Income Certificate; Sterilization Certificate,Online/Offline,https://tnesevai.tn.gov.in/,https://tnsocialwelfare.tn.gov.in/,https://services.india.gov.in/service/detail/e-district-social-welfare-project-for-girl-child-protection-schemes-tamil-nadu,Active,2026-07-30
TN-SW-006,Dr. Dharmambal Ammaiyar Ninaivu Widow Remarriage Assistance Scheme,Social Welfare & Women Empowerment,Women Welfare,Financial assistance and gold coin for widow remarriage to rehabilitate widows.,Remarried Widows,Financial assistance (₹25000/₹50000 depending on qualification) + 8g Gold Coin,"Widow remarrying; Minimum age 20 for bride, groom age max 40; No income limit",Death Certificate of first husband; Age proof; Educational qualification certificate; Marriage invitation,Online/Offline,https://tnesevai.tn.gov.in/,https://tnsocialwelfare.tn.gov.in/,https://services.india.gov.in/service/detail/e-district-social-welfare-project-for-marriage-assistance-schemes-tamil-nadu,Active,2026-07-30
TN-SW-007,E.V.R. Maniammaiyar Ninaivu Marriage Assistance Scheme for Daughters of Poor Widows,Social Welfare & Women Empowerment,Marriage Assistance,Financial assistance and gold for marriage of poor widows' daughters.,Daughters of Poor Widows,Financial assistance (₹25000/₹50000) + 8g Gold Coin,Mother must be a poor widow; Annual income < ₹72000; Bride age min 18 years,Widow Certificate of mother; Income Certificate; Age proof; Marriage Invitation; Marksheets,Online/Offline,https://tnesevai.tn.gov.in/,https://tnsocialwelfare.tn.gov.in/,https://services.india.gov.in/service/detail/e-district-social-welfare-project-for-marriage-assistance-schemes-tamil-nadu,Active,2026-07-30
TN-SW-008,Annai Theresa Ninaivu Marriage Assistance Scheme for Orphan Girls,Social Welfare & Women Empowerment,Marriage Assistance,Financial grant and gold coin for the marriage of orphan girls.,Orphan Girls,Financial assistance (₹25000/₹50000) + 8g Gold Coin,Bride must be an orphan girl; Age minimum 18 years; No income limit,Orphan Certificate from Revenue Dept; Age proof; Marriage invitation card,Online/Offline,https://tnesevai.tn.gov.in/,https://tnsocialwelfare.tn.gov.in/,https://services.india.gov.in/service/detail/e-district-social-welfare-project-for-marriage-assistance-schemes-tamil-nadu,Active,2026-07-30
TN-SW-009,Dr. Muthulakshmi Reddy Ninaivu Inter-Caste Marriage Assistance Scheme,Social Welfare & Women Empowerment,Social Justice,Financial grant to promote inter-caste marriages and abolish caste discrimination.,Inter-caste Couples,Financial assistance (₹25000/₹50000) + 8g Gold Coin,"One spouse must belong to SC/ST community; Minimum bride age 18, groom age 21; No income limit",Community Certificates of both spouses; Marriage Registration Certificate; Joint Photograph,Online/Offline,https://tnesevai.tn.gov.in/,https://tnsocialwelfare.tn.gov.in/,https://services.india.gov.in/service/detail/e-district-social-welfare-project-for-marriage-assistance-schemes-tamil-nadu,Active,2026-07-30
TN-ED-004,Naan Mudhalvan Skill Development Scheme,Special Programme Implementation,Skill Development,"Comprehensive skill development, career guidance, and industry training portal for youth.",School & College Students,"Free Industry Training, Certification, and Career Counselling","Students studying in TN High Schools, Colleges, Polytechnics, and Universities",Student Educational ID / Aadhaar,Online/Institution,https://www.naanmudhalvan.tn.gov.in/,https://www.naanmudhalvan.tn.gov.in/,https://www.naanmudhalvan.tn.gov.in/,Active,2026-07-30
TN-ED-005,7.5 Percent Horizontal Reservation in Professional Courses,Higher Education,Education / Social Justice,"Horizontal preferential reservation for government school students in professional admissions (Engineering, Agriculture, Law, Veterinary, MBBS).",Govt School Students,7.5% Reserved Seats & Full Fee/Hostel Subsidy by Govt,Students who studied from Class 6 to 12 continuously in Tamil Nadu Govt schools,School Study Certificate (Class 6-12); EMIS ID; Marksheets,Online/Counselling,https://www.tneaonline.org/,https://www.tndte.gov.in/,https://www.tn.gov.in/scheme/data_view/88167,Active,2026-07-30
TN-ED-006,Free Laptop Scheme for Students,School Education,Education / Technology,Distribution of free laptop computers to students in government and aided schools/colleges.,School and College Students,Free Laptop Computer,Students studying in Class 12 and ITI/Polytechnic/College in Govt & Aided institutions,Student ID Card; School Roll Number,Institution Level,Not Applicable,https://tnschools.gov.in/,https://www.tn.gov.in/scheme/data_view/44584,Active,2026-07-30
TN-ED-007,Free Textbook and Educational Kit Scheme,School Education,Education,"Free supply of textbooks, notebooks, school bags, footwear, and geometry boxes to government school students.",Govt School Students (Class 1-12),"Free Textbooks, Notebooks, School Bags, Footwear, Uniforms",Students enrolled in Tamil Nadu Government and Aided Schools,School Admission Record / EMIS Number,Institution Level,Not Applicable,https://tnschools.gov.in/,https://tnschools.gov.in/,Active,2026-07-30
TN-ED-008,Chief Minister's Talent Search Scheme,School Education,Education / Scholarship,Scholarship grant for top-performing Class 11 students selected through a state-level competitive talent exam.,Class 11 Meritorious Students,Monthly stipend of ₹1000 for 10 months/year until completion of graduation,Class 11 students in TN schools passing the CM Talent Search Exam,School ID; Exam Hall Ticket; Bank Account details,School Level / Online Exam Portal,https://dge.tn.gov.in/,https://dge.tn.gov.in/,https://dge.tn.gov.in/,Active,2026-07-30
TN-HF-005,Kalaignarin Varumun Kappom Thittam,Health & Family Welfare,Preventive Healthcare,"Free medical screening camps conducted at village and ward level with specialist doctors, lab tests, and drug supply.",General Public,"Free Health Checkup, Lab Investigations, Master Health Checkup, Free Specialist Consultations",All residents of Tamil Nadu,Aadhaar Card / Ration Card (Optional),Camp Level,Not Applicable,https://nhm.tn.gov.in/,https://nhm.tn.gov.in/,Active,2026-07-30
TN-HF-006,Kannoli Kappom Thittam (Free Spectacles for Students),Health & Family Welfare,Eye Care,Free eye screening for school students and distribution of free corrective spectacles.,School Students,Free Refraction Testing and Prescription Spectacles,Students in Tamil Nadu Government and Aided Schools diagnosed with refractive errors,School Record ID,School Level,Not Applicable,https://nhm.tn.gov.in/,https://nhm.tn.gov.in/,Active,2026-07-30
TN-HF-007,Chief Minister's Comprehensive Dental Care & Hearing Scheme (Integrated with CMCHIS),Health & Family Welfare,Specialized Healthcare,Cochlear implant surgery and free hearing aids for deaf children under 6 years.,Children with Hearing Impairment (< 6 years),Free Cochlear Implant Surgery (worth ₹6.5 Lakhs) and Auditory Verbal Therapy,Children under 6 years with severe bilateral sensorineural hearing loss from BPL families,Audiology Test Report; Income Certificate; Smart Ration Card; Birth Certificate,Hospital Level / CMCHIS Counter,https://www.cmchistn.com/,https://www.cmchistn.com/,https://www.cmchistn.com/,Active,2026-07-30
TN-SS-002,Differently Abled Pension Scheme (DAPS),Revenue Administration,Social Security Pension,Monthly social security pension for destitute persons with disabilities.,Differently Abled Persons,Monthly ₹1500 pension,Minimum 40% disability certified by medical authority; Age 18 and above; Destitute status,Disability Certificate / UDID; Aadhaar Card; Bank Account details; Smart Ration Card,Online/Taluk Office,https://tnesevai.tn.gov.in/,https://cra.tn.gov.in/,https://cra.tn.gov.in/social-security-scheme.php,Active,2026-07-30
TN-SS-003,Destitute Widow Pension Scheme (DWPS),Revenue Administration,Social Security Pension,"Monthly pension for poor, destitute widows without family support.",Destitute Widows,Monthly ₹1200 pension,Age 18 years and above; Destitute widow with no regular source of income,Husband's Death Certificate; Destitute Widow Certificate; Aadhaar Card; Smart Ration Card,Online/Taluk Office,https://tnesevai.tn.gov.in/,https://cra.tn.gov.in/,https://cra.tn.gov.in/social-security-scheme.php,Active,2026-07-30
TN-SS-004,Destitute Deserted Wives Pension Scheme (DDWPS),Revenue Administration,Social Security Pension,Monthly pension for destitute wives deserted by their husbands for over 5 years.,Deserted Wives,Monthly ₹1200 pension,Age 30 years and above; Deserted for more than 5 years; Destitute status,Deserted Wife Certificate issued by VAO/Revenue Inspector; Aadhaar Card; Bank Passbook,Online/Taluk Office,https://tnesevai.tn.gov.in/,https://cra.tn.gov.in/,https://cra.tn.gov.in/social-security-scheme.php,Active,2026-07-30
TN-SS-005,Destitute Unmarried Women Pension Scheme (DUWPS),Revenue Administration,Social Security Pension,"Monthly financial assistance for poor, unmarried women aged 50 and above.",Destitute Unmarried Women,Monthly ₹1200 pension,Unmarried female aged 50 years and above; Living in poverty with no family income,Unmarried Status Certificate from Revenue Dept; Age Proof; Aadhaar Card; Bank Passbook,Online/Taluk Office,https://tnesevai.tn.gov.in/,https://cra.tn.gov.in/,https://cra.tn.gov.in/social-security-scheme.php,Active,2026-07-30
TN-SS-006,Chief Minister's Uzhavar Padhukappu Thittam (Farmers Security Scheme),Revenue Administration,Social Security,"Comprehensive insurance and financial relief scheme for farmers and agricultural labourers for education, marriage, and natural death.",Registered Farmers and Agricultural Labourers,"Financial assistance for marriage (₹8000-10000), educational grant, death relief (₹20000 to ₹100000)",Small/marginal farmers and agricultural workers aged 18-65 registered with Uzhavar Card,Uzhavar Padhukappu ID Card; Chitta/Adangal land record; Aadhaar Card; Bank Details,Taluk Office,Not Available,https://cra.tn.gov.in/,https://cra.tn.gov.in/social-security-scheme.php,Active,2026-07-30
TN-SS-007,Free House Site Patta Scheme,Revenue Administration,Housing & Land Rights,Assignment of free house site pattas to houseless poor families in urban and rural areas.,Landless and Houseless Poor Families,Free Assignment of House Site Land Patta,Annual family income < ₹72000; Must not own any house or house site anywhere in TN,Income Certificate; Ration Card; Certificate of No Property; Aadhaar Card,Online/Taluk Office,https://tnesevai.tn.gov.in/,https://cra.tn.gov.in/,https://cra.tn.gov.in/land-administration.php,Active,2026-07-30
TN-DA-001,Free Motorized Tricycles / Retrofitted Scooters for Differently Abled,Welfare of Differently Abled Persons,Mobility & Rehabilitation,Supply of retrofitted motor scooters / motorized tricycles for mobility-impaired persons.,Locomotor Disabled Persons,Free Motorized Retrofitted Scooter / Tricycle,Locomotor disability 75% and above; Students or employed/self-employed persons aged 18 to 45,Disability Certificate / UDID; Income Certificate; Employment/Student ID; Driving License,Offline/District Office,Not Available,https://scd.tn.gov.in/,https://scd.tn.gov.in/schemes.php,Active,2026-07-30
TN-DA-002,Marriage Assistance to Differently Abled Persons,Welfare of Differently Abled Persons,Marriage Assistance,Financial grant and gold coin for marriage of differently abled individuals.,Differently Abled Bride or Groom,Financial assistance (₹25000/₹50000 depending on degree/diploma) + 8g Gold Coin,"Either or both spouses are differently abled (>40% disability); Minimum bride age 18, groom 21",Disability Certificate; Educational Certificates; Marriage Invitation; Aadhaar,Offline/District Office,Not Available,https://scd.tn.gov.in/,https://scd.tn.gov.in/schemes.php,Active,2026-07-30
TN-DA-003,Unemployment Allowance for Differently Abled,Welfare of Differently Abled Persons,Social Welfare / Employment,Monthly allowance for educated unemployed persons with disabilities.,Educated Unemployed Differently Abled,Monthly allowance ranging from ₹600 to ₹1000 based on educational qualification,Registered with Employment Exchange for > 1 year; Disability 40% or more; Unemployed,Employment Exchange Registration Card; Disability Certificate; Marksheets; Bank Passbook,District Employment Office,Not Available,https://scd.tn.gov.in/,https://scd.tn.gov.in/schemes.php,Active,2026-07-30
TN-DA-004,Maintenance Allowance for Severely Differently Abled Persons,Welfare of Differently Abled Persons,Social Security,"Monthly maintenance grant for persons with severe disabilities, intellectual disability, or muscular dystrophy.",Severely Disabled / Intellectually Impaired Persons,Monthly ₹2000 allowance direct bank transfer,Disability percentage 75% and above or Intellectual Disability / Muscular Dystrophy; Not receiving other pension,Medical Board Certificate / UDID Card; Bank Account Details; Aadhaar Card,District Welfare Office,Not Available,https://scd.tn.gov.in/,https://scd.tn.gov.in/schemes.php,Active,2026-07-30
TN-BC-001,Free Bicycle Scheme for BC / MBC / Minority Class 11 Students,"BC, MBC & Minorities Welfare",Education Welfare,Supply of free bicycles to Class 11 students in government and government-aided schools.,Class 11 Students,Free Bicycle,Students studying in Class 11 in Govt or Aided schools belonging to BC/MBC/DNT/Minority or General categories,School Enrollment Certificate,Institution Level,Not Applicable,https://bcmbcmw.tn.gov.in/,https://bcmbcmw.tn.gov.in/welfare_schemes.htm,Active,2026-07-30
TN-BC-002,Ulema and Other Mosque Workers Pension Scheme,"BC, MBC & Minorities Welfare",Social Security,"Monthly pension for retired Ulemas, Peshimams, Muazzins, and Waqf workers in Tamil Nadu.",Retired Ulemas and Mosque Workers,Monthly ₹3000 pension,Age 60 and above; Served for minimum 20 years in registered Waqf institutions,Service Certificate from Waqf Inspector/Board; Age Certificate; Aadhaar Card; Bank Passbook,Offline/Waqf Board Office,Not Available,https://bcmbcmw.tn.gov.in/,https://bcmbcmw.tn.gov.in/welfare_schemes.htm,Active,2026-07-30
TN-BC-003,Financial Assistance for Jerusalem Pilgrimage for Christians,"BC, MBC & Minorities Welfare",Religious Pilgrimage Assistance,Subsidy for Christian pilgrims undertaking Holy Land pilgrimage to Jerusalem.,Christian Pilgrims,Financial subsidy up to ₹60000 per pilgrim,Permanent resident of TN belonging to Christian community; First-time pilgrim,Community Certificate; Passport; Aadhaar Card; Income Certificate,Online/Offline,https://bcmbcmw.tn.gov.in/,https://bcmbcmw.tn.gov.in/,https://bcmbcmw.tn.gov.in/welfare_schemes.htm,Active,2026-07-30
TN-BC-004,"Post-Matric Scholarship for BC, MBC and DNT Students","BC, MBC & Minorities Welfare",Education / Scholarship,Scholarship and tuition fee reimbursement for post-matriculation studies for BC/MBC students.,"BC, MBC, DNT Post-Matric Students",Full tuition fee reimbursement and maintenance allowance,"Students of BC/MBC/DNT categories; Annual family income < ₹2,50,000",Community Certificate; Income Certificate; Marksheets; Bank Passbook,Online/Institution,https://tnadwscholarship.tn.gov.in/,https://bcmbcmw.tn.gov.in/,https://bcmbcmw.tn.gov.in/welfare_schemes.htm,Active,2026-07-30
TN-AD-001,Post-Matric Scholarship Scheme for SC / ST Students,Adi Dravidar & Tribal Welfare,Education / Scholarship,Full financial support and compulsory fee exemption for SC/ST students in higher education.,SC and ST College Students,"Full Tuition Fee Waiver, Hostel Fees, and Monthly Maintenance Allowance","SC/ST students pursuing post-matric courses; Annual family income < ₹2,50,000",SC/ST Community Certificate; Income Certificate; Marksheets; Bank Passbook; Aadhaar,Online,https://tnadwscholarship.tn.gov.in/,https://tnadwscholarship.tn.gov.in/,https://tnadwscholarship.tn.gov.in/,Active,2026-07-30
TN-AD-002,Chief Minister's Overseas Scholarship for SC / ST Students,Adi Dravidar & Tribal Welfare,Higher Education / International,Financial assistance for meritorious SC/ST students to pursue Master's or Ph.D. in foreign universities.,Meritorious SC / ST Graduates,"Financial grant up to ₹36 Lakhs covering tuition fees, living expense, and airfare",SC/ST student with admit letter from top ranked foreign university; Family income < ₹8 Lakhs/yr,Foreign University Admission Letter; Community Certificate; Income Certificate; Passport,Online,https://tnadwscholarship.tn.gov.in/,https://tnadwscholarship.tn.gov.in/,https://tnadwscholarship.tn.gov.in/,Active,2026-07-30
TN-AD-003,Annal Ambedkar Business Champions Scheme (AABCS),MSME / TAHDCO,Entrepreneurship Welfare,Capital subsidy and interest subvention scheme to promote first-generation SC/ST entrepreneurs.,SC / ST First Generation Entrepreneurs,35% Capital Subsidy (up to ₹1.5 Crore) + 6% Interest Subvention,"SC/ST entrepreneurs starting manufacturing, trading, or service enterprises in TN",Community Certificate; Project Report; Aadhaar Card; Bank Loan Approval Letter,Online,https://msmeonline.tn.gov.in/,https://tahdco.tn.gov.in/,https://msmeonline.tn.gov.in/,Active,2026-07-30
TN-AD-004,TAHDCO Economic Assistance Scheme for Land Purchase,Adi Dravidar & Tribal Welfare / TAHDCO,Agricultural Livelihood,Financial subsidy to poor SC/ST women to buy agricultural land.,SC / ST Poor Women Farmers,"50% Subsidy on land purchase cost (up to ₹5,00,000)","SC/ST women aged 18 to 55; Family annual income < ₹3,00,000",Community Certificate; Income Certificate; Land Sale Agreement; Aadhaar Card,Online/TAHDCO Portal,https://tahdco.tn.gov.in/,https://tahdco.tn.gov.in/,https://tahdco.tn.gov.in/,Active,2026-07-30
TN-LB-001,Tamil Nadu Manual Workers Welfare Board Social Security Benefit Scheme,Labour Welfare & Skill Development,Labour Welfare,"Comprehensive welfare benefits (marriage, education, maternity, natural/accidental death) for unorganized manual workers.",Registered Manual Unorganized Workers,"Financial grant for marriage (₹20000), education (₹1000-8000), death relief (₹50000-500000)",Registered member of Tamil Nadu Manual Workers Welfare Board aged 18 to 60,Welfare Board Membership Card; Aadhaar; Bank Details; Claim-specific proofs,Online/Labour Portal,https://tnuwwb.tn.gov.in/,https://tnuwwb.tn.gov.in/,https://tnuwwb.tn.gov.in/,Active,2026-07-30
TN-LB-002,Tamil Nadu Construction Workers Welfare Board Assistance Scheme,Labour Welfare & Skill Development,Labour Welfare,"Educational, medical, maternity, and pension support for registered construction workers.",Registered Construction Workers,"Monthly Pension (₹1000 at age 60), Educational assistance for children, Accidental insurance",Registered construction worker in TN with active membership,Construction Welfare Board Smart Card; Aadhaar; Bank Passbook,Online/Labour Portal,https://tnuwwb.tn.gov.in/,https://tnuwwb.tn.gov.in/,https://tnuwwb.tn.gov.in/,Active,2026-07-30
TN-LB-003,Tamil Nadu Drivers Welfare Board Assistance Scheme,Labour Welfare & Skill Development,Labour Welfare,"Welfare assistance for auto, taxi, heavy vehicle, and commercial transport drivers.",Registered Transport Drivers,"Accidental Death Relief (₹5 Lakhs), Spectacles Allowance, Educational Support",Commercial Driving License holder registered with TN Drivers Welfare Board,Driver Badge / License; Welfare Board ID; Aadhaar Card; Bank Details,Online/Labour Portal,https://tnuwwb.tn.gov.in/,https://tnuwwb.tn.gov.in/,https://tnuwwb.tn.gov.in/,Active,2026-07-30
TN-FS-001,Universal PDS Free Rice Scheme,Food & Consumer Protection,Food Security,Free monthly allotment of rice to all eligible priority household and non-priority ration card holders.,Ration Card Holders (PHH / AAY / NPHH),Free Rice (up to 20kg per family/month or 35kg for AAY),All valid Smart Ration Card holders in Tamil Nadu,Smart Ration Card / Aadhaar Linked Fingerprint,PDS Fair Price Shop,https://tnpds.gov.in/,https://tnpds.gov.in/,https://tnpds.gov.in/,Active,2026-07-30
TN-FS-002,Special Public Distribution System (Subsidized Essential Commodities),Food & Consumer Protection,Food Security,"Supply of essential kitchen commodities like Toordal, Palmolein oil, and Sugar at heavily subsidized prices.",Smart Ration Card Holders,"Highly subsidized Toor Dal (₹30/kg), Palmolein Oil (₹25/litre), Sugar (₹13.50/kg)",All valid Smart Ration Card holders in Tamil Nadu,Smart Ration Card,PDS Fair Price Shop,https://tnpds.gov.in/,https://tnpds.gov.in/,https://tnpds.gov.in/,Active,2026-07-30
TN-AG-001,Free Electricity Supply for Agricultural Pump Sets,Agriculture & Farmers Welfare / TANGEDCO,Agricultural Subsidy,Uninterrupted free electricity supply to farmers for agricultural irrigation pumpsets.,Farmers with Agricultural Land,100% Free Power for Agri Pumps,Farmers holding agricultural land with authorized TANGEDCO power connection,Patta/Chitta; TANGEDCO Connection Record; Aadhaar,TANGEDCO / Agri Dept,https://www.tangedco.gov.in/,https://www.tangedco.gov.in/,https://www.tangedco.gov.in/,Active,2026-07-30
TN-AG-002,Kalaignarin All Village Integrated Agriculture Development Programme,Agriculture & Farmers Welfare,Agriculture Development,"Integrated agricultural kit distribution, free saplings, micro-irrigation subsidies, and soil testing.",Farmers in Selected Village Panchayats,"Free Seed Kits, Coconut Saplings, Spraying Equipment, Micro-Irrigation 100% Subsidy for Small Farmers",Resident farmer in designated village panchayat; Chitta holder,Patta/Chitta; Aadhaar Card; Bank Passbook,Agri Dept / Uzhavan App,https://tnagrisnet.tn.gov.in/,https://tnagrisnet.tn.gov.in/,https://tnagrisnet.tn.gov.in/,Active,2026-07-30
TN-AG-003,Chief Minister's Solar Powered Pump Sets Scheme,Agriculture & Farmers Welfare / TEDA,Renewable Energy Subsidy,70% capital subsidy for farmers installing off-grid solar-powered agricultural water pumpsets.,Farmers,70% Subsidy for 5HP / 7.5HP / 10HP Standalone Solar Water Pumping Systems,Farmers with agricultural land water source not having free grid power connection,Patta / Chitta; Well/Borewell Certificate; Aadhaar Card; Bank Details,Agri Dept / Online Portal,https://tnagrisnet.tn.gov.in/,https://tnagrisnet.tn.gov.in/,https://tnagrisnet.tn.gov.in/,Active,2026-07-30
TN-AG-004,Kuruvai Cultivation Package Scheme,Agriculture & Farmers Welfare,Agricultural Relief & Subsidy,"Special subsidized input kit package (fertilizers, certified seeds, micro-nutrients) for Cauvery Delta farmers.",Delta Region Farmers,"100% Subsidized Paddy Seeds, Bio-fertilizers, Micro-nutrient mixtures, Mechanized Transplanting Subsidy",Farmers cultivating Kuruvai paddy crop in Delta districts,Chitta/Adangal; Aadhaar Card; Bank Account details,Agri Extension Centre / Uzhavan App,https://tnagrisnet.tn.gov.in/,https://tnagrisnet.tn.gov.in/,https://tnagrisnet.tn.gov.in/,Active,2026-07-30
TN-AH-001,Free Distribution of Milch Cows and Goats / Sheep Scheme,"Animal Husbandry, Dairying & Fisheries",Livelihood / Rural Development,Free distribution of milch cows or goats/sheep to poor rural women to boost rural dairy economy.,Rural Poor Women,1 Free Milch Cow or 4 Free Goats/Sheep,Landless rural women from BPL families; Resident of selected village panchayat,Income Certificate; Community Certificate; BPL Card / Ration Card; Aadhaar,Offline/Grama Sabha Selection,Not Available,https://www.tn.gov.in/,https://www.tn.gov.in/scheme/data_view/44585,Active,2026-07-30
TN-FI-001,Fishermen Ban Period Relief Scheme,Fisheries & Fishermen Welfare,Livelihood Assistance,Special financial relief allowance to marine fishermen families during the 61-day annual fishing ban period.,Marine Fishermen Families,Financial assistance of ₹8000 per family for the ban period,Registered active marine fisherman in coastal Tamil Nadu; Member of Fishermen Co-op Society,Fishermen Co-op Society Membership Card; Aadhaar Card; Bank Account details,Fisheries Dept / Co-op Society,https://fisheries.tn.gov.in/,https://fisheries.tn.gov.in/,https://fisheries.tn.gov.in/,Active,2026-07-30
TN-FI-002,Fisherwomen Lean Period Special Allowance Scheme,Fisheries & Fishermen Welfare,Livelihood Assistance,Financial savings-cum-relief allowance for fisherwomen during the lean fishing season.,Registered Fisherwomen,Relief assistance of ₹6000 per year,Member of Fisherwomen Co-operative Society in coastal districts of TN,Fisherwomen Co-op Society ID; Aadhaar Card; Bank Passbook,Fisheries Dept / Co-op Society,https://fisheries.tn.gov.in/,https://fisheries.tn.gov.in/,https://fisheries.tn.gov.in/,Active,2026-07-30
TN-TR-001,Vidiyal Payanam (Free Bus Travel for Women),Transport,Transport Welfare,"Zero-fare travel for women, transpersons, and differently abled in town ordinary public transport buses.","Women, Transgender Persons, and Differently Abled + Attendant",100% Free Bus Travel in Ordinary Town Service Buses (Pink Buses),All women and transpersons living in or visiting Tamil Nadu,None required for women; Disability Card for differently abled,Automatic / Direct Boarding,Not Applicable,https://www.tn.gov.in/,https://www.tn.gov.in/scheme/data_view/88166,Active,2026-07-30
TN-TR-002,Free Student Bus Pass Scheme,Transport,Transport / Education Welfare,Free travel pass in State Transport Corporation buses for school and college students.,School and College Students,Free Smart Bus Pass for daily commute between residence and educational institution,"Students studying in recognized schools, ITIs, Polytechnics, and Govt Colleges",School/College Bonafide Certificate; Student Photo; Aadhaar,Institution Level / Online Transport Portal,https://tnstc.in/,https://tnstc.in/,https://tnstc.in/,Active,2026-07-30
TN-RD-001,Kalaignar Kanavu Illam Housing Scheme,Rural Development & Panchayat Raj,Rural Housing Welfare,Financial subsidy to build permanent concrete houses for poor rural families living in hutments.,Rural Hut Dwellers / Homeless Poor,Unit cost assistance of ₹3.5 Lakhs per house for concrete house construction,Living in thatched/hut houses in rural areas; BPL family registered in Village Panchayat,Patta / Land Document; BPL Ration Card; Aadhaar Card; Bank Passbook,Village Panchayat Level,https://tnrd.tn.gov.in/,https://tnrd.tn.gov.in/,https://tnrd.tn.gov.in/,Active,2026-07-30
TN-YW-001,Chief Minister's State Youth Award,Youth Welfare & Sports Development,Youth Recognition,Annual award recognizing outstanding community and social service by youth in Tamil Nadu.,Youth Volunteers,"Cash prize of ₹1,00,000, citation and medal",Age 15-32; Demonstrated exceptional community service in the preceding financial year,Proof of Social Service; Age Certificate; Aadhaar Card,Online,https://sdat.tn.gov.in/,https://sdat.tn.gov.in/,https://sdat.tn.gov.in/,Active,2026-07-30
TN-YW-002,Kalaignar Sports Kit Scheme,Youth Welfare & Sports Development,Sports Promotion,Distribution of comprehensive sports equipment kits to all village panchayats to promote rural sports.,Village Panchayats / Rural Youth,"Free sports equipment kit (Cricket, Volleyball, Football, etc.)","All 12,500+ Village Panchayats in Tamil Nadu",None (Provided to Panchayat Level),Direct Distribution,Not Applicable,https://sdat.tn.gov.in/,https://sdat.tn.gov.in/,Active,2026-07-30
TN-YW-003,Champion Development Scheme (CDS),Youth Welfare & Sports Development,Sports Scholarship,Financial scholarship and high-performance training for elite sports persons of Tamil Nadu.,Elite Athletes,"Financial grant up to ₹2,00,000 per year for nutrition, equipment and training",Medal winners at National/International level competitions,Sports Achievement Certificates; Aadhaar; Bank Details,Online / SDAT,https://sdat.tn.gov.in/,https://sdat.tn.gov.in/,https://sdat.tn.gov.in/,Active,2026-07-30
TN-HO-001,Tamil Nadu Housing Board (TNHB) Subsidized LIG Flats,Housing & Urban Development,Housing,Allotment of affordable built-up flats and plots for Low Income Group categories.,LIG Citizens,Subsidized cost for flats/plots via draw of lots,"Family income < ₹3,00,000 per year; Native of TN; Should not own house/flat in TN",Income Certificate; Nativity Certificate; Aadhaar Card,Online TNHB Portal,https://tnhb.tn.gov.in/,https://tnhb.tn.gov.in/,https://tnhb.tn.gov.in/,Active,2026-07-30
TN-HO-002,TNULM (Urban Livelihood Mission) Shelter for Urban Homeless,Housing & Urban Development,Urban Welfare,Providing 24x7 all-weather permanent shelters with basic amenities for the urban homeless.,Urban Homeless Persons,"Free Shelter Accomodation, Food, Basic Medical Support",Homeless individuals identified by urban local bodies,None required,Direct Walk-in / Rescue,Not Applicable,https://www.tnurbantree.tn.gov.in/,https://www.tnurbantree.tn.gov.in/,Active,2026-07-30
TN-CO-001,Crop Loan Scheme (Co-operative Societies),"Co-operation, Food & Consumer Protection",Agriculture Finance,Interest-free short-term crop loans distributed through Primary Agricultural Cooperative Credit Societies (PACCS).,Farmers,Interest-free crop loan if repaid within due date,Member of PACCS; Owning agricultural land or cultivating as tenant,Chitta/Adangal; Aadhaar Card; Passport Photo,PACCS Branch Level,Not Available,https://www.tncu.tn.gov.in/,https://www.tncu.tn.gov.in/,Active,2026-07-30
TN-CO-002,Kisan Credit Card (KCC) Scheme via Co-operatives,"Co-operation, Food & Consumer Protection",Agriculture Finance,Issuance of Kisan Credit Cards to farmers through cooperative banks for timely agriculture credit.,Farmers and Fishermen,Credit limit based on crop cultivation with subsidized interest rate,"Farmers, Tenant Farmers, Sharecroppers, and Fishermen",Land holding record / Fisheries license; Aadhaar; Bank Details,PACCS Branch Level,Not Available,https://www.tncu.tn.gov.in/,https://www.tncu.tn.gov.in/,Active,2026-07-30
TN-CO-003,Pledge Loan for Farmers against Agricultural Produce,"Co-operation, Food & Consumer Protection",Agriculture Finance,Loans issued against the pledge of agricultural produce stored in regulated market godowns to avoid distress selling.,Farmers,"Pledge loan up to 75% of produce value or ₹3,00,000 maximum at low interest",Farmers storing produce in Regulated Market Godowns,Godown Receipt; Aadhaar Card; Bank Passbook,Regulated Market Office,Not Available,https://tnagrimarketing.tn.gov.in/,https://tnagrimarketing.tn.gov.in/,Active,2026-07-30
TN-EX-001,Amalgamated Fund for Ex-Servicemen Welfare,Public (Ex-Servicemen Welfare),Ex-Servicemen Welfare,"Financial grants covering education, marriage, and housing repairs for ex-servicemen and their dependents.",Ex-Servicemen / Widows / Dependents,"Marriage Grant, House Repair Grant, Education Scholarship",Registered Ex-Servicemen or Widows; Domiciled in Tamil Nadu,Discharge Book; Ex-Servicemen ID Card; Dependent Proof; Aadhaar,District Soldier Board,Not Available,https://www.exwel.tn.gov.in/,https://www.exwel.tn.gov.in/,Active,2026-07-30
TN-EX-002,Life Time Monthly Financial Assistance for World War Veterans / Widows,Public (Ex-Servicemen Welfare),Ex-Servicemen Welfare,Monthly pension for veterans of World War II or their surviving widows.,WWII Veterans / Widows,"Monthly pension of ₹10,000",Veteran of WWII not receiving any other military pension; Domiciled in TN,Discharge Book proving WWII Service; Non-Pensioner Certificate; Life Certificate,District Soldier Board,Not Available,https://www.exwel.tn.gov.in/,https://www.exwel.tn.gov.in/,Active,2026-07-30
